model_name,imgsz,test_count,accuracy,precision_macro,recall_macro,f1_macro,precision_weighted,recall_weighted,f1_weighted,avg_confidence,wrong_count,correct_count
model2_imgsz320,320,107,0.7850467289719626,0.762634555738004,0.7200209643605872,0.7294829334572176,0.7746829744896132,0.7850467289719626,0.7701320293562902,0.8720049654769007,23,84
model2_imgsz480,480,107,0.8037383177570093,0.7979949874686717,0.7629979035639414,0.7761021732393734,0.8018551050523506,0.8037383177570093,0.7988975874411879,0.8417622174058005,21,86
model2_imgsz520,520,107,0.8037383177570093,0.7978151791711113,0.7665094339622641,0.7747435897435898,0.8129157394166107,0.8037383177570093,0.8016067577282531,0.8096069732559061,21,86
